parameter,row,column,value
layer_size,0,-1,30
layer_size,1,-1,32
layer_size,2,-1,16
layer_size,3,-1,8
layer_size,4,-1,4
layer_size,5,-1,2
layer_size,6,-1,2
class_label,0,-1,B
class_label,1,-1,M
weight_0,0,0,0.13935772142800099
weight_0,0,1,-0.15832020284460382
weight_0,0,2,0.2525898058499572
weight_0,0,3,0.3083490170907674
weight_0,0,4,-0.40964886445429616
weight_0,0,5,-0.3355179837369439
weight_0,0,6,0.1393138733450469
weight_0,0,7,0.028237788803610657
weight_0,0,8,0.020582466303697325
weight_0,0,9,-0.24737370443779072
weight_0,0,10,0.35596803064083027
weight_0,0,11,0.17152140312389308
weight_0,0,12,0.0943800574701266
weight_0,0,13,0.3977539511721607
weight_0,0,14,0.2101100619151896
weight_0,0,15,-0.3334372024500405
weight_0,0,16,0.11522584359862913
weight_0,0,17,-0.1844509494803082
weight_0,0,18,0.20428180042306274
weight_0,0,19,-0.12083394449232317
weight_0,0,20,0.06314942967390606
weight_0,0,21,0.015479402930368855
weight_0,0,22,0.40852501107021266
weight_0,0,23,0.0696881566790862
weight_0,0,24,-0.0007268678165206324
weight_0,0,25,-0.09700899362469624
weight_0,0,26,0.24292743064905634
weight_0,0,27,0.2015405660631583
weight_0,0,28,0.24512340113818618
weight_0,0,29,0.07373092810402558
weight_0,1,0,0.6269701250104921
weight_0,1,1,0.002707232997626453
weight_0,1,2,-0.06134302544889156
weight_0,1,3,-0.1291369668448354
weight_0,1,4,0.22085464053771545
weight_0,1,5,0.2750364242661499
weight_0,1,6,0.07974929546967537
weight_0,1,7,-0.10128946673799517
weight_0,1,8,-0.16609861089248545
weight_0,1,9,0.10803167267920258
weight_0,1,10,0.3326094976140725
weight_0,1,11,0.10437797460693472
weight_0,1,12,-0.08366501970997109
weight_0,1,13,0.1784449167373529
weight_0,1,14,0.004105188778773389
weight_0,1,15,-0.09140923126735274
weight_0,1,16,0.22561075325450305
weight_0,1,17,0.07224185403325238
weight_0,1,18,0.16577899579687796
weight_0,1,19,-0.11565704424848516
weight_0,1,20,0.2015141222511081
weight_0,1,21,0.3603517819838061
weight_0,1,22,-0.26733251278209996
weight_0,1,23,0.04501608524293254
weight_0,1,24,-0.015905545290369222
weight_0,1,25,-0.17807415533741053
weight_0,1,26,0.045162872504693814
weight_0,1,27,0.4968536806846976
weight_0,1,28,-0.05631151730734099
weight_0,1,29,0.2091852191157201
weight_0,2,0,-0.3842101188306665
weight_0,2,1,-0.028831830756833984
weight_0,2,2,0.09088468503592201
weight_0,2,3,0.2018015364161573
weight_0,2,4,0.20673811020576865
weight_0,2,5,0.20771725338170555
weight_0,2,6,-0.052483167349112625
weight_0,2,7,-0.06914484929508695
weight_0,2,8,0.2207061515185184
weight_0,2,9,-0.08717213371221924
weight_0,2,10,-0.28715396087784684
weight_0,2,11,-0.3013734632248743
weight_0,2,12,-0.20766180142265217
weight_0,2,13,0.17142138782410016
weight_0,2,14,0.04627560599505492
weight_0,2,15,0.13659109132667335
weight_0,2,16,-0.12370417201320993
weight_0,2,17,0.039025062836546366
weight_0,2,18,0.14032804744938157
weight_0,2,19,-0.1272372916952184
weight_0,2,20,0.18194842168039393
weight_0,2,21,-0.08800125069286603
weight_0,2,22,-0.034600546319503926
weight_0,2,23,-0.03721131632027949
weight_0,2,24,-0.26139084518108857
weight_0,2,25,0.13128277075152914
weight_0,2,26,-0.08463995061500164
weight_0,2,27,0.050516910783034455
weight_0,2,28,0.16296341944220874
weight_0,2,29,0.10291838766703823
weight_0,3,0,0.1385676500591487
weight_0,3,1,-0.10218231851075477
weight_0,3,2,-0.1406764492087115
weight_0,3,3,-0.061132889671948014
weight_0,3,4,-0.47747844653441646
weight_0,3,5,-0.35776234974450305
weight_0,3,6,-0.4135399684485626
weight_0,3,7,-0.33199747107822536
weight_0,3,8,0.04154030229601508
weight_0,3,9,-0.2042733115032803
weight_0,3,10,-0.2155084908772369
weight_0,3,11,0.332683978707152
weight_0,3,12,-0.17012051062484945
weight_0,3,13,0.09978272447170848
weight_0,3,14,-0.18147498163378006
weight_0,3,15,0.06764602519779514
weight_0,3,16,-0.23975987636587018
weight_0,3,17,-0.09292450164352388
weight_0,3,18,0.21139377081567717
weight_0,3,19,-0.33968143967501724
weight_0,3,20,0.03689341669768838
weight_0,3,21,-0.07559664245694403
weight_0,3,22,-0.2149643195679317
weight_0,3,23,-0.4521343335490037
weight_0,3,24,-0.04288154557778265
weight_0,3,25,-0.11186573845016748
weight_0,3,26,-0.014791544858573648
weight_0,3,27,-0.06496614707427491
weight_0,3,28,0.3011898213158726
weight_0,3,29,-0.027671850058475948
weight_0,4,0,-0.1497239605173916
weight_0,4,1,0.19323047690824854
weight_0,4,2,0.1690654216274209
weight_0,4,3,0.46823742182973466
weight_0,4,4,0.2823880233617441
weight_0,4,5,0.11745211730982462
weight_0,4,6,0.5049041210497688
weight_0,4,7,-0.17363163201648124
weight_0,4,8,-0.17005372399627253
weight_0,4,9,-0.29024590048398496
weight_0,4,10,0.04269878285636192
weight_0,4,11,-0.36336490995432774
weight_0,4,12,0.2677661748627514
weight_0,4,13,0.07002106657992192
weight_0,4,14,-0.3273787685229662
weight_0,4,15,-0.3188857787083637
weight_0,4,16,0.12485208680237134
weight_0,4,17,0.2726838819602609
weight_0,4,18,0.43662243553774915
weight_0,4,19,0.7006474725983053
weight_0,4,20,0.26108482178723624
weight_0,4,21,-0.05756115883938935
weight_0,4,22,-0.4093968773816695
weight_0,4,23,0.2202722561065618
weight_0,4,24,-0.09974041657959881
weight_0,4,25,-0.07767257994249273
weight_0,4,26,-0.03187745814934
weight_0,4,27,0.08667342761846862
weight_0,4,28,0.3442692048772263
weight_0,4,29,0.03468109005527595
weight_0,5,0,-0.09821488199315187
weight_0,5,1,-0.4162649517385648
weight_0,5,2,-0.48868223941814093
weight_0,5,3,-0.20451637741582102
weight_0,5,4,-0.16608152096107817
weight_0,5,5,0.4879332556473925
weight_0,5,6,-0.223026524440468
weight_0,5,7,0.0336734432159776
weight_0,5,8,-0.21484733335129938
weight_0,5,9,-0.2520892987896423
weight_0,5,10,-0.5045839212286781
weight_0,5,11,-0.06354159342176731
weight_0,5,12,0.396488309762985
weight_0,5,13,-0.4173060813839066
weight_0,5,14,0.2937261054965099
weight_0,5,15,0.08594501364345117
weight_0,5,16,0.19411092870881166
weight_0,5,17,0.07484008522680054
weight_0,5,18,0.004349531806449656
weight_0,5,19,0.2896246886638631
weight_0,5,20,-0.3522599347698324
weight_0,5,21,-0.2711654229237017
weight_0,5,22,-0.26949246135420163
weight_0,5,23,-0.5076399170412378
weight_0,5,24,-0.5700980594578154
weight_0,5,25,0.04652326263577674
weight_0,5,26,0.09278315647413424
weight_0,5,27,-0.1840079345551939
weight_0,5,28,-0.38260258486298393
weight_0,5,29,0.11170169111449257
weight_0,6,0,0.29227270697805574
weight_0,6,1,0.007336402852153891
weight_0,6,2,-0.15003178982717025
weight_0,6,3,0.23911269808528032
weight_0,6,4,0.09395900317069653
weight_0,6,5,0.38934192374557275
weight_0,6,6,0.0012627855377401363
weight_0,6,7,-0.3665703400001974
weight_0,6,8,-0.3472912400915285
weight_0,6,9,0.4519291955204024
weight_0,6,10,0.40042472777436383
weight_0,6,11,-0.035593990407101116
weight_0,6,12,-0.12864067852414005
weight_0,6,13,0.3328067448775582
weight_0,6,14,-0.302439651142199
weight_0,6,15,-0.20086017789857735
weight_0,6,16,0.1591515181856829
weight_0,6,17,-0.11091754255491648
weight_0,6,18,0.02264892497148178
weight_0,6,19,-0.006717938349951223
weight_0,6,20,0.02675612758072696
weight_0,6,21,0.2922552706776909
weight_0,6,22,-0.0315123740628005
weight_0,6,23,0.10677410131675795
weight_0,6,24,-0.564669378001316
weight_0,6,25,-0.018475927952979716
weight_0,6,26,-0.26183729779399956
weight_0,6,27,-0.3601432912869942
weight_0,6,28,-0.25235611759633886
weight_0,6,29,-0.07416097946939967
weight_0,7,0,0.3049396982755765
weight_0,7,1,-0.29381661984283974
weight_0,7,2,0.07690457229951833
weight_0,7,3,-0.05940743333289954
weight_0,7,4,-0.05204575813282179
weight_0,7,5,0.30589627907310124
weight_0,7,6,0.19663953098227302
weight_0,7,7,0.4142722999568313
weight_0,7,8,-0.005650537998656265
weight_0,7,9,-0.18753170201501798
weight_0,7,10,-0.008762009194556733
weight_0,7,11,0.06272142531526541
weight_0,7,12,0.09118414107304287
weight_0,7,13,-0.23182963147286964
weight_0,7,14,0.010608417608789741
weight_0,7,15,0.06922181151671408
weight_0,7,16,0.6613558867111539
weight_0,7,17,0.5107805914654419
weight_0,7,18,-0.22097835200136565
weight_0,7,19,-0.07754711160385705
weight_0,7,20,-0.3018342171693172
weight_0,7,21,-0.09380710488761677
weight_0,7,22,0.15675127478712894
weight_0,7,23,0.38257413630420517
weight_0,7,24,-0.14155863323738924
weight_0,7,25,-0.11973797057917432
weight_0,7,26,-0.49729006891838257
weight_0,7,27,0.03260616395255811
weight_0,7,28,-0.21808558207383466
weight_0,7,29,-0.10900276643828445
weight_0,8,0,-0.308176062746422
weight_0,8,1,-0.14676150171045393
weight_0,8,2,-0.5305394394130751
weight_0,8,3,-0.4669389947634209
weight_0,8,4,0.43959362124164436
weight_0,8,5,-0.3031862212868792
weight_0,8,6,-0.38947215023907705
weight_0,8,7,0.3367744650344342
weight_0,8,8,0.7367236546065954
weight_0,8,9,-0.2212863966694778
weight_0,8,10,-0.291155705944294
weight_0,8,11,0.10846777018357971
weight_0,8,12,0.3183135287815018
weight_0,8,13,-0.4087763047884787
weight_0,8,14,-0.05285343344386199
weight_0,8,15,0.4029819482050739
weight_0,8,16,0.15649896963248935
weight_0,8,17,-0.08628472271958353
weight_0,8,18,0.044302896080518545
weight_0,8,19,-0.15724502314326366
weight_0,8,20,-0.2061930026410937
weight_0,8,21,-0.277315648981344
weight_0,8,22,-0.05985077038594163
weight_0,8,23,-0.2866388597090397
weight_0,8,24,-0.013843634140152583
weight_0,8,25,0.30064881482771827
weight_0,8,26,-0.06161803926171502
weight_0,8,27,-0.00990297575751886
weight_0,8,28,-0.09407010524487265
weight_0,8,29,0.08262169298228857
weight_0,9,0,-0.19721078137025483
weight_0,9,1,0.05697261576954337
weight_0,9,2,-0.034344048361522925
weight_0,9,3,0.525611424253115
weight_0,9,4,0.38131733647072563
weight_0,9,5,0.12331731953693718
weight_0,9,6,-0.222542073322151
weight_0,9,7,-0.3171744512657963
weight_0,9,8,0.30163070511103607
weight_0,9,9,0.09414736061849263
weight_0,9,10,0.08701785569352935
weight_0,9,11,-0.41968920597341325
weight_0,9,12,0.2236195973312341
weight_0,9,13,0.08491413859684965
weight_0,9,14,-0.2776007159038961
weight_0,9,15,-0.04389796751699755
weight_0,9,16,0.08643583859055018
weight_0,9,17,0.03175559055998474
weight_0,9,18,-0.05847331022883296
weight_0,9,19,0.04480269737776686
weight_0,9,20,-0.0998394392250423
weight_0,9,21,-0.03253212490424093
weight_0,9,22,0.3528031619012106
weight_0,9,23,-0.6988167114522033
weight_0,9,24,-0.10306199039250526
weight_0,9,25,0.06452254591897602
weight_0,9,26,0.04330918583315966
weight_0,9,27,-0.12329779370916763
weight_0,9,28,-0.5097177690370626
weight_0,9,29,0.11067103626688025
weight_0,10,0,0.4735236332133233
weight_0,10,1,-0.2288765558383626
weight_0,10,2,0.2520158467096905
weight_0,10,3,-0.049117992917067525
weight_0,10,4,0.04519069946635735
weight_0,10,5,-0.27161336619605764
weight_0,10,6,0.05970438943743799
weight_0,10,7,0.44231433865652015
weight_0,10,8,0.18205078063399258
weight_0,10,9,0.4297390141504395
weight_0,10,10,0.4109934483913928
weight_0,10,11,0.09515421941155482
weight_0,10,12,0.5111557333263331
weight_0,10,13,0.20185629851225537
weight_0,10,14,0.27864654903655456
weight_0,10,15,-0.1620937620428888
weight_0,10,16,0.09593711203214145
weight_0,10,17,-0.10725760052676026
weight_0,10,18,0.2624144613932624
weight_0,10,19,-0.3840464057918731
weight_0,10,20,0.2864466048236949
weight_0,10,21,0.21962959529809023
weight_0,10,22,0.3751884071495989
weight_0,10,23,0.27991027701256627
weight_0,10,24,0.5800813607200487
weight_0,10,25,0.2051456263335594
weight_0,10,26,-0.2308934836646764
weight_0,10,27,0.09943206381455788
weight_0,10,28,-0.1308800897630168
weight_0,10,29,-0.1300627727365025
weight_0,11,0,0.39292322375269895
weight_0,11,1,0.17460407264613897
weight_0,11,2,-0.17901206324247348
weight_0,11,3,-0.2567148743396315
weight_0,11,4,0.006741794020548368
weight_0,11,5,-0.33120670768546856
weight_0,11,6,-0.16358115457531036
weight_0,11,7,0.08871918751635982
weight_0,11,8,0.2971209179443636
weight_0,11,9,0.14496806567352727
weight_0,11,10,-0.5663303022822439
weight_0,11,11,0.06557086269288591
weight_0,11,12,0.03192860053065798
weight_0,11,13,0.12572147447103554
weight_0,11,14,0.40393672667449726
weight_0,11,15,-0.5694448913592675
weight_0,11,16,-0.15417750796836335
weight_0,11,17,0.14603752442775797
weight_0,11,18,-0.41985987863359203
weight_0,11,19,0.35076023787189275
weight_0,11,20,0.10981933566175384
weight_0,11,21,0.24553333441242015
weight_0,11,22,-0.13730993958580545
weight_0,11,23,0.2260314697902292
weight_0,11,24,0.27734845302201583
weight_0,11,25,0.04618224468585737
weight_0,11,26,0.07428566894823739
weight_0,11,27,0.07540562689294598
weight_0,11,28,-0.2044447258460427
weight_0,11,29,-0.055232378851084
weight_0,12,0,-0.029529881077950865
weight_0,12,1,0.07951861776776775
weight_0,12,2,0.27049956758613247
weight_0,12,3,-0.26708888204204606
weight_0,12,4,-0.02572719465696359
weight_0,12,5,0.43222248165140925
weight_0,12,6,-0.18909821427541634
weight_0,12,7,-0.20385451921928902
weight_0,12,8,0.09407872718888849
weight_0,12,9,0.254314360087511
weight_0,12,10,-0.020474234724347572
weight_0,12,11,0.35429702916364725
weight_0,12,12,0.21578519538296856
weight_0,12,13,0.2011818097703769
weight_0,12,14,0.10801645172455218
weight_0,12,15,0.6629909971602599
weight_0,12,16,-0.04763850610683238
weight_0,12,17,-0.5076202017341793
weight_0,12,18,0.45651112869940463
weight_0,12,19,-0.0692845712080218
weight_0,12,20,0.026602204056115235
weight_0,12,21,0.29414305094843135
weight_0,12,22,-0.40837533627149386
weight_0,12,23,-0.3270928916674525
weight_0,12,24,-0.41710967894762807
weight_0,12,25,-0.15313133925630013
weight_0,12,26,0.11635734635107567
weight_0,12,27,0.15540364871135856
weight_0,12,28,0.08908888993912598
weight_0,12,29,-0.31110825157086297
weight_0,13,0,-0.4795132694268947
weight_0,13,1,0.17316310467045726
weight_0,13,2,-0.008756175909766238
weight_0,13,3,0.24239139463194379
weight_0,13,4,0.2436066585984308
weight_0,13,5,0.02803592640109604
weight_0,13,6,0.3318422933220619
weight_0,13,7,0.20637845988706216
weight_0,13,8,0.16207131089577292
weight_0,13,9,-0.26713058179206156
weight_0,13,10,0.13417737262794407
weight_0,13,11,0.04635528048953945
weight_0,13,12,0.3339851648715797
weight_0,13,13,0.05499233038964165
weight_0,13,14,0.20875273924582896
weight_0,13,15,-0.18250592647080327
weight_0,13,16,-0.0021389847261302345
weight_0,13,17,0.28939205140421564
weight_0,13,18,-0.49358128750289043
weight_0,13,19,-0.45205739844905146
weight_0,13,20,-0.21707176683476398
weight_0,13,21,-0.36641939002536705
weight_0,13,22,-0.03009015954591517
weight_0,13,23,0.3583936399559
weight_0,13,24,0.013587548183302925
weight_0,13,25,0.034201835982662264
weight_0,13,26,0.40602239670204027
weight_0,13,27,0.4712082676386291
weight_0,13,28,0.14522554919121297
weight_0,13,29,0.27818212596682984
weight_0,14,0,-0.07814965255258637
weight_0,14,1,-0.40222840450916547
weight_0,14,2,-0.24984867917208312
weight_0,14,3,-0.5018706226454852
weight_0,14,4,-0.34364858698598166
weight_0,14,5,-0.030158101839019267
weight_0,14,6,0.013848215164188667
weight_0,14,7,0.24810413244885615
weight_0,14,8,-0.38236350203234526
weight_0,14,9,0.20556589144450674
weight_0,14,10,-0.42747809108239776
weight_0,14,11,0.24190006894049557
weight_0,14,12,-0.09789786362679387
weight_0,14,13,-0.6304387147943907
weight_0,14,14,0.19526859897156057
weight_0,14,15,0.1543208900686538
weight_0,14,16,-0.11291962871565155
weight_0,14,17,-0.24025876617724984
weight_0,14,18,-0.10449380203766899
weight_0,14,19,0.37608157466263303
weight_0,14,20,-0.265432329595577
weight_0,14,21,-0.33098266275313265
weight_0,14,22,-0.08859504670614007
weight_0,14,23,0.12135739380712682
weight_0,14,24,-0.3228812799941993
weight_0,14,25,-0.3527952483836207
weight_0,14,26,0.04545262130965257
weight_0,14,27,-0.2873307026545808
weight_0,14,28,-0.04484122418052
weight_0,14,29,0.1451658186953972
weight_0,15,0,-0.0921851200603379
weight_0,15,1,0.03575443771113894
weight_0,15,2,0.44664991327449566
weight_0,15,3,0.4753927724616793
weight_0,15,4,-0.010570818475167035
weight_0,15,5,0.033540525353200554
weight_0,15,6,0.20722110903431137
weight_0,15,7,-0.29224338368258795
weight_0,15,8,0.07201718758814574
weight_0,15,9,0.025820846602449796
weight_0,15,10,0.022184338392095906
weight_0,15,11,-0.18141111141585028
weight_0,15,12,-0.448231141943171
weight_0,15,13,-0.5939093033067907
weight_0,15,14,-0.2717288545935151
weight_0,15,15,-0.06351137779116642
weight_0,15,16,-0.08493026561356169
weight_0,15,17,0.49863277792874167
weight_0,15,18,0.31120249491994667
weight_0,15,19,-0.1885337585253889
weight_0,15,20,0.00248404040926132
weight_0,15,21,-0.2190618541682543
weight_0,15,22,-0.1533852477039782
weight_0,15,23,-0.03751915518770178
weight_0,15,24,0.09750276172817866
weight_0,15,25,-0.10716511824411155
weight_0,15,26,0.19049247657414847
weight_0,15,27,-0.3736564294729997
weight_0,15,28,-0.07805412799300833
weight_0,15,29,0.6761689108931452
weight_0,16,0,0.026262570850424067
weight_0,16,1,0.35621799439438967
weight_0,16,2,-0.00834115381595987
weight_0,16,3,0.12059278986930512
weight_0,16,4,-0.0268030340491158
weight_0,16,5,-0.07260547531200319
weight_0,16,6,-0.22110978296519998
weight_0,16,7,0.08384873825779175
weight_0,16,8,-0.22981556869059677
weight_0,16,9,0.16949198160971538
weight_0,16,10,0.26184824141398244
weight_0,16,11,0.09071740728687329
weight_0,16,12,-0.09540932086554127
weight_0,16,13,0.09770183869374971
weight_0,16,14,-0.06766104836435151
weight_0,16,15,0.22450416581088173
weight_0,16,16,-0.4743217929703706
weight_0,16,17,-0.09858290798044396
weight_0,16,18,-0.5092697819852712
weight_0,16,19,-0.39262819490107875
weight_0,16,20,0.3225049064587616
weight_0,16,21,0.22069275680826678
weight_0,16,22,-0.21666161089108793
weight_0,16,23,-0.41532799167388806
weight_0,16,24,-0.7776894143375754
weight_0,16,25,-0.16969916419826755
weight_0,16,26,0.6062361592975501
weight_0,16,27,0.08276456893213278
weight_0,16,28,-0.15132813593699312
weight_0,16,29,0.1022602217371938
weight_0,17,0,-0.3553441859563669
weight_0,17,1,-0.056957514499581044
weight_0,17,2,0.07258306868312885
weight_0,17,3,0.01563467032787303
weight_0,17,4,0.1658258040034553
weight_0,17,5,0.1146099979446414
weight_0,17,6,0.1536786356979537
weight_0,17,7,-0.18378889117916805
weight_0,17,8,0.20787606091205585
weight_0,17,9,0.3995484508303041
weight_0,17,10,-0.29226236611290224
weight_0,17,11,-0.22784035592207086
weight_0,17,12,0.3263068661286204
weight_0,17,13,-0.07208173971808167
weight_0,17,14,0.37114977616092576
weight_0,17,15,-0.04330470972923405
weight_0,17,16,0.37225720740954343
weight_0,17,17,0.03589412931948049
weight_0,17,18,0.043329112444213856
weight_0,17,19,0.45717884880877985
weight_0,17,20,-0.06834672193564652
weight_0,17,21,-0.2588602127790271
weight_0,17,22,-0.08432541442486673
weight_0,17,23,0.1317026152304512
weight_0,17,24,-0.43313047732443793
weight_0,17,25,0.2108287203832617
weight_0,17,26,-0.15368373840876184
weight_0,17,27,0.30307721629156475
weight_0,17,28,-0.6502896222696578
weight_0,17,29,-0.17256251652115
weight_0,18,0,-0.5095011789550347
weight_0,18,1,-0.38501305336428665
weight_0,18,2,-0.006081157579628385
weight_0,18,3,-0.13974818857822566
weight_0,18,4,-0.20609849799105262
weight_0,18,5,-0.0005803925447675238
weight_0,18,6,-0.11416559353092141
weight_0,18,7,-0.4325206381298228
weight_0,18,8,0.10579608796443073
weight_0,18,9,0.2189154356111845
weight_0,18,10,-0.10782278823782164
weight_0,18,11,0.2348362875359408
weight_0,18,12,-0.03441685048488538
weight_0,18,13,0.34193267556977947
weight_0,18,14,0.06830844136459434
weight_0,18,15,0.24001974739672174
weight_0,18,16,-0.135075804373957
weight_0,18,17,-0.18131938346276688
weight_0,18,18,-0.23113542268364207
weight_0,18,19,0.03072103307439842
weight_0,18,20,-0.2157158664005486
weight_0,18,21,-0.30599623657428826
weight_0,18,22,-0.15164992692949064
weight_0,18,23,-0.4018102484459396
weight_0,18,24,-0.02459147025961124
weight_0,18,25,0.1913673576848742
weight_0,18,26,-0.2553977530338215
weight_0,18,27,-0.3513201602636414
weight_0,18,28,-0.1773022766111762
weight_0,18,29,0.0537246471113003
weight_0,19,0,-0.3567527817818642
weight_0,19,1,-0.04194693606116575
weight_0,19,2,0.08574663778818922
weight_0,19,3,-0.22534526529893717
weight_0,19,4,0.03608544428128265
weight_0,19,5,-0.3321840746836828
weight_0,19,6,0.3021457042298864
weight_0,19,7,0.2912174326817353
weight_0,19,8,-0.09523779689478791
weight_0,19,9,0.11237540850239154
weight_0,19,10,-0.6438283527793421
weight_0,19,11,-0.2356236867928863
weight_0,19,12,-0.06538646190520032
weight_0,19,13,-0.3003036200635005
weight_0,19,14,0.2477350868728648
weight_0,19,15,0.643996172893836
weight_0,19,16,-0.27924405556073856
weight_0,19,17,-0.15779084132581037
weight_0,19,18,0.05450547215765783
weight_0,19,19,0.5227838305305094
weight_0,19,20,-0.3445706953390133
weight_0,19,21,-0.05403568283972524
weight_0,19,22,0.45233034016884255
weight_0,19,23,-0.46113915683678197
weight_0,19,24,-0.3872146520571757
weight_0,19,25,-0.08254848642495026
weight_0,19,26,-0.19972309788357387
weight_0,19,27,0.17292750839438611
weight_0,19,28,-0.06962606238450025
weight_0,19,29,-0.4349166480521858
weight_0,20,0,0.14954722444547763
weight_0,20,1,-0.14289874647511025
weight_0,20,2,0.34614303079332026
weight_0,20,3,-0.14615710418063194
weight_0,20,4,-0.1541311960955327
weight_0,20,5,0.15883885202498169
weight_0,20,6,0.2136222833235928
weight_0,20,7,0.13433665655495325
weight_0,20,8,-0.42351381722970516
weight_0,20,9,0.1457880711783694
weight_0,20,10,-0.25605991107356013
weight_0,20,11,0.06104288516417892
weight_0,20,12,-0.3553534988488013
weight_0,20,13,0.1267981058560117
weight_0,20,14,-0.2136272127907688
weight_0,20,15,-0.31874742686614405
weight_0,20,16,0.19102744547155306
weight_0,20,17,0.07157413373399371
weight_0,20,18,-0.15798875334190055
weight_0,20,19,0.382370755583437
weight_0,20,20,-0.09630201157707821
weight_0,20,21,0.01479745572585796
weight_0,20,22,0.08763319121237641
weight_0,20,23,-0.14337386518556627
weight_0,20,24,0.13265846820342433
weight_0,20,25,-0.11844774702113475
weight_0,20,26,-0.08988339095812346
weight_0,20,27,0.37247924140637806
weight_0,20,28,-0.25820846399656894
weight_0,20,29,-0.6078362951647786
weight_0,21,0,0.4683766810951362
weight_0,21,1,0.7357730690933012
weight_0,21,2,-0.05432841601779277
weight_0,21,3,-0.43228799114899286
weight_0,21,4,0.018825754891107636
weight_0,21,5,-0.1103547500342943
weight_0,21,6,0.10264567665393835
weight_0,21,7,-0.13872895543206162
weight_0,21,8,0.19667682568173817
weight_0,21,9,0.08218856063919122
weight_0,21,10,-0.20243008282387154
weight_0,21,11,0.10286103792929094
weight_0,21,12,0.6381964171977813
weight_0,21,13,0.1938314627173726
weight_0,21,14,-0.1651999171934724
weight_0,21,15,-0.26899513447620954
weight_0,21,16,0.15125545800674134
weight_0,21,17,-0.4431950609690839
weight_0,21,18,-0.006514796959416111
weight_0,21,19,-0.2991946640112809
weight_0,21,20,0.6059840712062409
weight_0,21,21,0.18625247268010586
weight_0,21,22,0.5352008331467712
weight_0,21,23,-0.14802314615136378
weight_0,21,24,0.29673796441913597
weight_0,21,25,0.04376326774472052
weight_0,21,26,-0.05692232132373318
weight_0,21,27,0.18385545166306325
weight_0,21,28,0.47982383794898936
weight_0,21,29,-0.1387766382958621
weight_0,22,0,-0.41326477641147835
weight_0,22,1,0.009359963386292847
weight_0,22,2,-0.20884379438831002
weight_0,22,3,-0.06508576284556981
weight_0,22,4,-0.009043164304713563
weight_0,22,5,-0.4181415232437473
weight_0,22,6,-0.39304439315666817
weight_0,22,7,0.15072370493289908
weight_0,22,8,-0.1315118276506834
weight_0,22,9,-0.6567804299241209
weight_0,22,10,0.22057270166176973
weight_0,22,11,0.07013911551802389
weight_0,22,12,-0.16673721638644112
weight_0,22,13,-0.32130025099796017
weight_0,22,14,0.21448358049812316
weight_0,22,15,0.10409196879545993
weight_0,22,16,0.6265836287541126
weight_0,22,17,0.12250497034183717
weight_0,22,18,0.09029526130270593
weight_0,22,19,-0.03453789893927745
weight_0,22,20,0.2370397409702623
weight_0,22,21,0.176609255563242
weight_0,22,22,0.3495027128166008
weight_0,22,23,-0.10891869993132959
weight_0,22,24,-0.09904471061638345
weight_0,22,25,-0.10236540769411173
weight_0,22,26,0.22748736730156885
weight_0,22,27,0.41348091662011843
weight_0,22,28,-0.1173496261235276
weight_0,22,29,-0.09485779947174484
weight_0,23,0,0.03012755544385759
weight_0,23,1,-0.1811137905376103
weight_0,23,2,0.20365048220763227
weight_0,23,3,-0.6463063512360201
weight_0,23,4,-0.19980543415725283
weight_0,23,5,-0.08472004371095283
weight_0,23,6,-0.6581365913085727
weight_0,23,7,-0.30611597699833404
weight_0,23,8,-0.188809451958569
weight_0,23,9,0.07785538062119941
weight_0,23,10,0.19429108619147045
weight_0,23,11,0.025315957017473904
weight_0,23,12,-0.2995195982518656
weight_0,23,13,-0.10717198233959808
weight_0,23,14,0.31266944359660265
weight_0,23,15,-0.006489756700231083
weight_0,23,16,-0.20097074446056332
weight_0,23,17,0.23396722497548755
weight_0,23,18,0.026512431681050413
weight_0,23,19,0.37898904058934024
weight_0,23,20,-0.1260282389541684
weight_0,23,21,-0.057543861306338935
weight_0,23,22,-0.36339067304445405
weight_0,23,23,-0.13040713726103104
weight_0,23,24,-0.14167317325010823
weight_0,23,25,-0.22061912329721392
weight_0,23,26,-0.4911686950002981
weight_0,23,27,0.12673453831686157
weight_0,23,28,-0.1959693292584511
weight_0,23,29,-0.1521630861228479
weight_0,24,0,0.07580325000745451
weight_0,24,1,0.3944678624477973
weight_0,24,2,-0.493547317830234
weight_0,24,3,-0.27075838915379574
weight_0,24,4,-0.1847926901676792
weight_0,24,5,0.34174312756994146
weight_0,24,6,0.21036846073822904
weight_0,24,7,0.33983026909693
weight_0,24,8,-0.27936943673398973
weight_0,24,9,-0.3585496574248379
weight_0,24,10,0.29694174944195767
weight_0,24,11,-0.05549628793275488
weight_0,24,12,0.24430179141226646
weight_0,24,13,0.11473265062128987
weight_0,24,14,0.12067261851838322
weight_0,24,15,-0.11728904342153351
weight_0,24,16,0.2178579357516371
weight_0,24,17,0.2216035765179378
weight_0,24,18,-0.42419801705352006
weight_0,24,19,-0.7048452033221491
weight_0,24,20,0.43156805489358785
weight_0,24,21,0.5202554715712486
weight_0,24,22,-0.118122328893491
weight_0,24,23,-0.3004892390348647
weight_0,24,24,0.11208470256176276
weight_0,24,25,0.20263720778607897
weight_0,24,26,0.5930131705185347
weight_0,24,27,0.24133698022631525
weight_0,24,28,0.07397688231526013
weight_0,24,29,-0.28510143327098075
weight_0,25,0,0.028251142668979705
weight_0,25,1,0.05018056209206736
weight_0,25,2,-0.23982874444341878
weight_0,25,3,0.5699241536044948
weight_0,25,4,0.4955106506638532
weight_0,25,5,0.22485641818303967
weight_0,25,6,-0.08038337699445931
weight_0,25,7,0.32649269745517173
weight_0,25,8,0.17313358060175663
weight_0,25,9,0.045661483360369085
weight_0,25,10,0.43046903765912325
weight_0,25,11,0.02606385116152405
weight_0,25,12,0.22915673875101236
weight_0,25,13,0.2633805797168075
weight_0,25,14,0.18016369035178048
weight_0,25,15,-0.635014053591762
weight_0,25,16,0.10048364559098313
weight_0,25,17,-0.10186925392527717
weight_0,25,18,-0.3188333110831832
weight_0,25,19,0.2631167146460674
weight_0,25,20,0.5588701017857157
weight_0,25,21,0.6354873748409956
weight_0,25,22,0.1548944358299882
weight_0,25,23,0.465255953462976
weight_0,25,24,0.1258269837214233
weight_0,25,25,0.036165478265436105
weight_0,25,26,-0.06658609148432236
weight_0,25,27,0.22521863757988897
weight_0,25,28,0.2974767040192767
weight_0,25,29,-0.3808434134687297
weight_0,26,0,0.0662893199592463
weight_0,26,1,0.1971413893773433
weight_0,26,2,0.5384195178128236
weight_0,26,3,0.3239014646532949
weight_0,26,4,0.11348938418591452
weight_0,26,5,0.010586004799294264
weight_0,26,6,0.1397216030700706
weight_0,26,7,0.09952656381959699
weight_0,26,8,-0.210451368157068
weight_0,26,9,-0.13480798922858472
weight_0,26,10,-0.0016582472675861302
weight_0,26,11,-0.32726714768080556
weight_0,26,12,0.24196026147624058
weight_0,26,13,0.2632061385803036
weight_0,26,14,-0.4547886096221361
weight_0,26,15,-0.3069232885274557
weight_0,26,16,0.19014487471662525
weight_0,26,17,0.24468351654331924
weight_0,26,18,0.2324100069817984
weight_0,26,19,-0.24551675935717737
weight_0,26,20,-0.05035169466335355
weight_0,26,21,0.10393728848695807
weight_0,26,22,0.22884619626539968
weight_0,26,23,0.2690307652235483
weight_0,26,24,0.5265590026242606
weight_0,26,25,0.24287140476841745
weight_0,26,26,0.10870722756929725
weight_0,26,27,-0.17734408704754373
weight_0,26,28,0.17460049873777378
weight_0,26,29,-0.014590022463494624
weight_0,27,0,-0.07851450254466076
weight_0,27,1,-0.18970640541539666
weight_0,27,2,0.03926896027263845
weight_0,27,3,-0.15821325897016983
weight_0,27,4,-0.1919735900614524
weight_0,27,5,0.07374975275524209
weight_0,27,6,-0.1388241901742262
weight_0,27,7,0.021499436369146835
weight_0,27,8,0.04898557649685658
weight_0,27,9,-0.28375058301290884
weight_0,27,10,-0.16670294950989387
weight_0,27,11,0.37325636649905797
weight_0,27,12,-0.3294763708763185
weight_0,27,13,-0.583613003463418
weight_0,27,14,-0.46087470237428013
weight_0,27,15,0.04959092299614259
weight_0,27,16,0.016110891603732514
weight_0,27,17,-0.027390865689007834
weight_0,27,18,0.3350456969487277
weight_0,27,19,-0.6532305992565507
weight_0,27,20,0.05862650116386429
weight_0,27,21,0.33449470984315977
weight_0,27,22,-0.3310326802201243
weight_0,27,23,-0.14167988204575313
weight_0,27,24,-0.2430031702610089
weight_0,27,25,-0.23864070867455314
weight_0,27,26,-0.12356958838226305
weight_0,27,27,0.32444480055625285
weight_0,27,28,0.4381862062619905
weight_0,27,29,-0.08922717663138917
weight_0,28,0,0.589716121784068
weight_0,28,1,0.23756168367905828
weight_0,28,2,0.540056653695953
weight_0,28,3,0.09050126385813446
weight_0,28,4,0.10446494484091233
weight_0,28,5,-0.020277414185514986
weight_0,28,6,0.9391108951226934
weight_0,28,7,0.3571317178545356
weight_0,28,8,-0.19446010292494287
weight_0,28,9,0.08971081340794768
weight_0,28,10,0.10739828159615508
weight_0,28,11,-0.2052502705577377
weight_0,28,12,0.33640117127243097
weight_0,28,13,0.1823857849406592
weight_0,28,14,0.04797289738503132
weight_0,28,15,-0.36071519939075675
weight_0,28,16,0.00374508409261017
weight_0,28,17,0.00905029650062153
weight_0,28,18,-0.6306750137013679
weight_0,28,19,-0.14121347241000676
weight_0,28,20,-0.04584656645520611
weight_0,28,21,0.039029757338491795
weight_0,28,22,0.15571732453411294
weight_0,28,23,0.2320952361618622
weight_0,28,24,0.031967865123457964
weight_0,28,25,0.14008985150283498
weight_0,28,26,-0.19428040140784045
weight_0,28,27,0.019676752271822858
weight_0,28,28,0.08596340274329341
weight_0,28,29,-0.1200443028080561
weight_0,29,0,0.023027080986000877
weight_0,29,1,-0.33545612694343524
weight_0,29,2,0.14422125319772125
weight_0,29,3,-0.04460181383105691
weight_0,29,4,-0.5220221161035418
weight_0,29,5,-0.4346862019298236
weight_0,29,6,-0.05129392509965709
weight_0,29,7,-0.1265403990955662
weight_0,29,8,-0.012856035286870121
weight_0,29,9,0.08614151368559417
weight_0,29,10,-0.08148039026594235
weight_0,29,11,0.2617841002081702
weight_0,29,12,-0.3694043183797898
weight_0,29,13,-0.4170263019673012
weight_0,29,14,-0.26911235651329574
weight_0,29,15,0.26137147067485456
weight_0,29,16,0.37145209521752537
weight_0,29,17,-0.08582795473168105
weight_0,29,18,-0.5756986413453387
weight_0,29,19,-0.2787098808672445
weight_0,29,20,-0.3090557698965706
weight_0,29,21,-0.2762369447970074
weight_0,29,22,-0.17882351456222753
weight_0,29,23,-0.0918333454827128
weight_0,29,24,-0.1524881368083322
weight_0,29,25,0.35209625972047187
weight_0,29,26,-0.21230488427774447
weight_0,29,27,-0.26612690327127614
weight_0,29,28,0.08195397850173504
weight_0,29,29,-0.3001003570915668
weight_0,30,0,0.20038640543130115
weight_0,30,1,0.1719600778917491
weight_0,30,2,0.05576005796975613
weight_0,30,3,0.5195956218992239
weight_0,30,4,-0.08121054422168078
weight_0,30,5,0.48831478499200487
weight_0,30,6,0.05001782666709684
weight_0,30,7,-0.20033575412806662
weight_0,30,8,0.040030262821910655
weight_0,30,9,-0.3628052012631261
weight_0,30,10,-0.039301177902263826
weight_0,30,11,0.024148424499110862
weight_0,30,12,0.23669349479549145
weight_0,30,13,-0.01778890768320999
weight_0,30,14,0.18871513017513283
weight_0,30,15,0.06760558118790605
weight_0,30,16,0.31151469089107264
weight_0,30,17,0.06862467990844848
weight_0,30,18,0.2518476874689328
weight_0,30,19,-0.6944450375449714
weight_0,30,20,0.09516781910850652
weight_0,30,21,0.04606873095058723
weight_0,30,22,0.18426534017651777
weight_0,30,23,0.030775316931355084
weight_0,30,24,0.11600542449074698
weight_0,30,25,0.473084566920089
weight_0,30,26,0.09587742475838523
weight_0,30,27,0.23642292889163188
weight_0,30,28,0.1264955956818231
weight_0,30,29,-0.007669918968231119
weight_0,31,0,-0.09326413949910443
weight_0,31,1,-0.010603592799468976
weight_0,31,2,0.2063653562137209
weight_0,31,3,0.325195549399852
weight_0,31,4,0.006045296820744955
weight_0,31,5,0.11415970988321616
weight_0,31,6,-0.44092432824599614
weight_0,31,7,-0.16698116948970188
weight_0,31,8,0.15505692329169815
weight_0,31,9,0.245277289414179
weight_0,31,10,-0.091259341844862
weight_0,31,11,0.25611703663499374
weight_0,31,12,0.02251585509759804
weight_0,31,13,0.18404057679781777
weight_0,31,14,0.17623958490333813
weight_0,31,15,0.01545618486106831
weight_0,31,16,0.07172414718588882
weight_0,31,17,-0.7686716318954661
weight_0,31,18,0.09499058708267166
weight_0,31,19,-0.8368901818814402
weight_0,31,20,-0.5956072076922306
weight_0,31,21,-0.1074453353436677
weight_0,31,22,-0.015043062834330096
weight_0,31,23,-0.448998848864929
weight_0,31,24,-0.3058827945193237
weight_0,31,25,0.29981214766987047
weight_0,31,26,-0.2922826241940628
weight_0,31,27,0.4236532481072247
weight_0,31,28,-0.21911168004579631
weight_0,31,29,0.08082754909729378
bias_0,0,-1,-0.009100868236609803
bias_0,1,-1,-0.03645797384630115
bias_0,2,-1,-0.026334563231182585
bias_0,3,-1,0.02939013289608393
bias_0,4,-1,-0.02519950530746576
bias_0,5,-1,0.06709134137445029
bias_0,6,-1,0.0011876399232633621
bias_0,7,-1,-0.018488868095269808
bias_0,8,-1,0.0753382037004695
bias_0,9,-1,0.020014825182032157
bias_0,10,-1,-0.0031967347813096443
bias_0,11,-1,-0.029197812461258642
bias_0,12,-1,-0.009170053129326703
bias_0,13,-1,-0.05471719216281734
bias_0,14,-1,0.08030096582136993
bias_0,15,-1,0.03605590673486143
bias_0,16,-1,-0.022109956327088846
bias_0,17,-1,0.014370811714489704
bias_0,18,-1,0.07639342060680783
bias_0,19,-1,0.012551697357034394
bias_0,20,-1,-0.010621127407660526
bias_0,21,-1,-0.06492327285778539
bias_0,22,-1,-0.0069702846463734775
bias_0,23,-1,0.06734943620637202
bias_0,24,-1,-0.09082382469177917
bias_0,25,-1,-0.02912755201554176
bias_0,26,-1,-0.05723394184293412
bias_0,27,-1,0.03342699325746808
bias_0,28,-1,-0.1229189446019627
bias_0,29,-1,0.0930319395839338
bias_0,30,-1,-0.07886257232010202
bias_0,31,-1,0.02023516155595892
weight_1,0,0,0.5143094395927826
weight_1,0,1,0.10704438843059459
weight_1,0,2,-0.2788132114390083
weight_1,0,3,-0.08643443145465543
weight_1,0,4,0.03751302372432833
weight_1,0,5,-0.4921588964093884
weight_1,0,6,-0.05769399592772731
weight_1,0,7,-0.2029086978009437
weight_1,0,8,0.15872916487105787
weight_1,0,9,-0.01305513100823922
weight_1,0,10,0.07431958842172892
weight_1,0,11,0.0014832497803554513
weight_1,0,12,-0.003500371178700282
weight_1,0,13,0.2420923922049802
weight_1,0,14,-0.37949255651004843
weight_1,0,15,-0.24250133595158097
weight_1,0,16,0.31268992857954425
weight_1,0,17,-0.17991692448370253
weight_1,0,18,-0.47113333100151467
weight_1,0,19,-0.016325081186142065
weight_1,0,20,0.11264769089604801
weight_1,0,21,-0.23805402617486804
weight_1,0,22,0.05852265964729626
weight_1,0,23,0.051339619282934346
weight_1,0,24,0.2354959400136515
weight_1,0,25,0.3583728736226793
weight_1,0,26,-0.226416810175815
weight_1,0,27,0.07055818634043612
weight_1,0,28,0.060069455742369625
weight_1,0,29,-0.23424225841035312
weight_1,0,30,0.30363545013962745
weight_1,0,31,0.36280067892184775
weight_1,1,0,0.5018604057507583
weight_1,1,1,0.3494537680609561
weight_1,1,2,-0.08077817923159328
weight_1,1,3,0.024912221442934344
weight_1,1,4,0.18389715681942495
weight_1,1,5,-0.09125375096053341
weight_1,1,6,0.027361735579001182
weight_1,1,7,0.15878769705886023
weight_1,1,8,-0.07282323003858562
weight_1,1,9,-0.21196188050388243
weight_1,1,10,-0.012642325608594001
weight_1,1,11,0.15924716017383445
weight_1,1,12,-0.06482734605637079
weight_1,1,13,0.11034088202948841
weight_1,1,14,0.058007136026298846
weight_1,1,15,-0.08140183303056718
weight_1,1,16,0.20379333197343508
weight_1,1,17,0.008713543833183087
weight_1,1,18,-0.4011097427063625
weight_1,1,19,0.23761073566881338
weight_1,1,20,-0.1549166644532275
weight_1,1,21,-0.3291254616338999
weight_1,1,22,-0.2887047659999471
weight_1,1,23,-0.381532974471575
weight_1,1,24,0.0824132421525185
weight_1,1,25,0.06935394900327788
weight_1,1,26,-0.019214124989126453
weight_1,1,27,0.12840177998455007
weight_1,1,28,0.1611541842877793
weight_1,1,29,-0.028918374917517836
weight_1,1,30,0.13741074226419503
weight_1,1,31,0.16286137342183388
weight_1,2,0,-0.7034195181955001
weight_1,2,1,-0.1654157438531859
weight_1,2,2,-0.42913908383754606
weight_1,2,3,0.09694937122248856
weight_1,2,4,-0.009602869074560151
weight_1,2,5,0.5590864077313271
weight_1,2,6,0.2922187194591647
weight_1,2,7,0.14989762591897027
weight_1,2,8,0.03352748735144051
weight_1,2,9,0.1980655405584233
weight_1,2,10,-0.3614112758650985
weight_1,2,11,-0.0481952043642317
weight_1,2,12,0.383605832840298
weight_1,2,13,-0.23517584983495618
weight_1,2,14,0.44133109027428624
weight_1,2,15,0.19295934747317273
weight_1,2,16,-0.30279375596097674
weight_1,2,17,0.4464189326411227
weight_1,2,18,0.3826651630117823
weight_1,2,19,0.29270334546548993
weight_1,2,20,-0.1605743028495626
weight_1,2,21,-0.45449437322326736
weight_1,2,22,-0.12670765891739952
weight_1,2,23,0.36046501645838325
weight_1,2,24,-0.4805290538186217
weight_1,2,25,-0.23992383359196892
weight_1,2,26,-0.4656258662307266
weight_1,2,27,-0.036096673732440375
weight_1,2,28,-0.1580987057024001
weight_1,2,29,0.8237974822593758
weight_1,2,30,-0.42099530551666486
weight_1,2,31,0.3666727031757869
weight_1,3,0,0.052443740013796744
weight_1,3,1,0.1149167021902082
weight_1,3,2,0.029384078681954032
weight_1,3,3,0.1062799657673879
weight_1,3,4,-0.029486735949342906
weight_1,3,5,0.3495712778344054
weight_1,3,6,-0.11132407830846233
weight_1,3,7,0.28433107732982904
weight_1,3,8,-0.16755918927326816
weight_1,3,9,-0.01573473473130676
weight_1,3,10,-0.24960779953837475
weight_1,3,11,0.11904256795883078
weight_1,3,12,0.35695659621326775
weight_1,3,13,-0.005375455331873632
weight_1,3,14,-0.0611698817122421
weight_1,3,15,-0.2761232440520436
weight_1,3,16,-0.0513493519538234
weight_1,3,17,-0.4035689018533537
weight_1,3,18,-0.23927569231253937
weight_1,3,19,0.044815490438707896
weight_1,3,20,0.332244515401037
weight_1,3,21,0.7205346996739636
weight_1,3,22,-0.1438872985663814
weight_1,3,23,0.34651714768827796
weight_1,3,24,0.08069297201662075
weight_1,3,25,-0.01367937630502826
weight_1,3,26,0.12465941318690796
weight_1,3,27,0.01600963727099594
weight_1,3,28,0.04545722704069244
weight_1,3,29,-0.11286070204280521
weight_1,3,30,-0.337623093131291
weight_1,3,31,-0.3867782660951914
weight_1,4,0,0.2696027376965592
weight_1,4,1,-0.038903704579566906
weight_1,4,2,-0.2804453680093574
weight_1,4,3,-0.14238987694252722
weight_1,4,4,0.17867143006999459
weight_1,4,5,-0.2684204848891158
weight_1,4,6,-0.20850263790458745
weight_1,4,7,0.18662313490802906
weight_1,4,8,0.21352589017362356
weight_1,4,9,0.01863383417295911
weight_1,4,10,0.4028931992109317
weight_1,4,11,0.2898476110961446
weight_1,4,12,0.12083018130524506
weight_1,4,13,0.2026168481267949
weight_1,4,14,-0.12526702905473627
weight_1,4,15,0.08515110458580094
weight_1,4,16,-0.2678604439221528
weight_1,4,17,-0.03910775174733663
weight_1,4,18,-0.5798972795473852
weight_1,4,19,-0.482982917893593
weight_1,4,20,0.24422837481348436
weight_1,4,21,0.3803054578912137
weight_1,4,22,0.3052613354666104
weight_1,4,23,-0.3450156429031131
weight_1,4,24,-0.13556820257283791
weight_1,4,25,0.19957949872321296
weight_1,4,26,0.14134616955009974
weight_1,4,27,-0.05448484010812241
weight_1,4,28,0.41711761901972727
weight_1,4,29,-0.3352910174867944
weight_1,4,30,0.13683445369848427
weight_1,4,31,-0.2985826850344147
weight_1,5,0,0.11624455042791744
weight_1,5,1,-0.0008234348789909966
weight_1,5,2,-0.19026810624875945
weight_1,5,3,-0.05222167466869167
weight_1,5,4,-0.04875324604592306
weight_1,5,5,-0.06826657386951367
weight_1,5,6,0.4447024864328735
weight_1,5,7,-0.029258099637895746
weight_1,5,8,-0.06032009537920746
weight_1,5,9,-0.5258823057545283
weight_1,5,10,-0.2214314638762638
weight_1,5,11,-0.06172947563103452
weight_1,5,12,-0.1711928631513884
weight_1,5,13,0.34448088202962013
weight_1,5,14,-0.039803575611192264
weight_1,5,15,0.31916168836612685
weight_1,5,16,0.018521133379281383
weight_1,5,17,0.004559913552180652
weight_1,5,18,-0.019264105428163494
weight_1,5,19,-0.0005828402796011533
weight_1,5,20,0.43002289212834205
weight_1,5,21,-0.5758772468490595
weight_1,5,22,-0.4967563943577632
weight_1,5,23,-0.1309753340586939
weight_1,5,24,0.008745419531276511
weight_1,5,25,0.17724658808075883
weight_1,5,26,0.11569656010028223
weight_1,5,27,-0.08998330457247143
weight_1,5,28,0.2523059086234096
weight_1,5,29,0.25884571602836115
weight_1,5,30,0.04241106822967359
weight_1,5,31,0.24517142057044156
weight_1,6,0,-0.002155565449575195
weight_1,6,1,-0.16643107690611245
weight_1,6,2,0.2525994398696901
weight_1,6,3,0.14182269908870004
weight_1,6,4,0.002571706743499006
weight_1,6,5,0.6042568906361895
weight_1,6,6,-0.5637494601372266
weight_1,6,7,-0.26484202001563056
weight_1,6,8,-0.16346967588713063
weight_1,6,9,-0.006032912383790974
weight_1,6,10,-0.17107447484782798
weight_1,6,11,-0.35389703949127077
weight_1,6,12,-0.12586678558922007
weight_1,6,13,-0.2520273731544669
weight_1,6,14,0.8154597961127146
weight_1,6,15,0.4717121562478748
weight_1,6,16,-0.09191831499343815
weight_1,6,17,0.06257370016523901
weight_1,6,18,-0.0984981550410986
weight_1,6,19,-0.27758674201714156
weight_1,6,20,0.033379462402226355
weight_1,6,21,-0.37149027261614787
weight_1,6,22,0.03854323584299727
weight_1,6,23,-0.18206695821900004
weight_1,6,24,-0.2890084283113427
weight_1,6,25,-0.1385900820973302
weight_1,6,26,-0.00022961547421031372
weight_1,6,27,0.15603190397972258
weight_1,6,28,-0.4246383005278372
weight_1,6,29,0.39879858061133505
weight_1,6,30,-0.24654775389706737
weight_1,6,31,0.20986034964016853
weight_1,7,0,0.007242073398925206
weight_1,7,1,-0.34689454128074765
weight_1,7,2,-0.10290795990290766
weight_1,7,3,0.0773715710240265
weight_1,7,4,0.14258329703167213
weight_1,7,5,-0.08085557885628489
weight_1,7,6,0.37206296870757
weight_1,7,7,0.2282983442922413
weight_1,7,8,-0.09642429692882917
weight_1,7,9,0.166106292152186
weight_1,7,10,0.4933254917138694
weight_1,7,11,0.48905229206653833
weight_1,7,12,-0.33223232894852706
weight_1,7,13,-0.22966472598254653
weight_1,7,14,0.3342199871265205
weight_1,7,15,-0.28833612866731184
weight_1,7,16,-0.3312782708586469
weight_1,7,17,-0.15670157329091294
weight_1,7,18,0.07195209222540373
weight_1,7,19,-0.06408868751253408
weight_1,7,20,-0.17450663347110526
weight_1,7,21,-0.15128343590652296
weight_1,7,22,-0.1832351813211719
weight_1,7,23,-0.24760737820075487
weight_1,7,24,0.5952252701704972
weight_1,7,25,0.10011115234467316
weight_1,7,26,0.22434914711071133
weight_1,7,27,-0.1301364428430554
weight_1,7,28,-0.039305965630433384
weight_1,7,29,-0.20704060825139756
weight_1,7,30,-0.6693901328801942
weight_1,7,31,-0.3604513684069344
weight_1,8,0,-0.3165364432223686
weight_1,8,1,-0.47895261666549993
weight_1,8,2,-0.35682138927917256
weight_1,8,3,0.2324547466706083
weight_1,8,4,0.02859886644865755
weight_1,8,5,0.10202805182013151
weight_1,8,6,0.10551448146128709
weight_1,8,7,0.156001165581988
weight_1,8,8,-0.33424653384054487
weight_1,8,9,0.09204524910774811
weight_1,8,10,0.37369674840832545
weight_1,8,11,-0.1161577957751536
weight_1,8,12,0.044598134900954274
weight_1,8,13,0.23853625128423134
weight_1,8,14,-0.3277771335881452
weight_1,8,15,-0.2595540848469208
weight_1,8,16,-0.2522954102543886
weight_1,8,17,-0.10092006801815484
weight_1,8,18,-0.08841945030040081
weight_1,8,19,-0.39147606989077105
weight_1,8,20,-0.01246872901153277
weight_1,8,21,0.3302348022127948
weight_1,8,22,0.13814187203765643
weight_1,8,23,0.18704335921549295
weight_1,8,24,0.49124283438480604
weight_1,8,25,0.019291059159242216
weight_1,8,26,0.5789405943403809
weight_1,8,27,-0.16452168241658152
weight_1,8,28,0.4369836942187484
weight_1,8,29,-0.15394714622850625
weight_1,8,30,0.0033927909109146537
weight_1,8,31,-0.4582223621348721
weight_1,9,0,-0.24746883748660048
weight_1,9,1,-0.5085095644275905
weight_1,9,2,0.2725791444006779
weight_1,9,3,0.4048148411136571
weight_1,9,4,-0.27001168044882357
weight_1,9,5,0.2739419503557403
weight_1,9,6,-0.23042451643615766
weight_1,9,7,-0.1361954586953143
weight_1,9,8,0.2617912186187476
weight_1,9,9,-0.0002653429087374574
weight_1,9,10,0.1819030734416877
weight_1,9,11,-0.20175001548387114
weight_1,9,12,0.30641033604866813
weight_1,9,13,-0.1122958791992729
weight_1,9,14,0.3574506163282314
weight_1,9,15,-0.16448473853018206
weight_1,9,16,-0.11063067990698724
weight_1,9,17,0.08752333109463543
weight_1,9,18,-0.08111645009059895
weight_1,9,19,0.3362008707787159
weight_1,9,20,0.14312858224852787
weight_1,9,21,-0.11084442724542992
weight_1,9,22,0.34481707703702646
weight_1,9,23,0.5116066833378047
weight_1,9,24,-0.333592438558851
weight_1,9,25,-0.2502711290663106
weight_1,9,26,-0.35459231860619017
weight_1,9,27,-0.036365178638951716
weight_1,9,28,-0.3622761626254884
weight_1,9,29,0.5361387110196922
weight_1,9,30,-0.049445126662457116
weight_1,9,31,-0.11391139499122432
weight_1,10,0,0.18440844639989906
weight_1,10,1,-0.531653629115531
weight_1,10,2,-0.31739391174575676
weight_1,10,3,0.34783863414003663
weight_1,10,4,0.07274456204671981
weight_1,10,5,0.4582818261663565
weight_1,10,6,-0.23796511051112046
weight_1,10,7,0.18929803853480606
weight_1,10,8,0.7384135561043411
weight_1,10,9,0.3794666276202912
weight_1,10,10,-0.11240208434890286
weight_1,10,11,-0.07011248581820259
weight_1,10,12,0.12109565443104252
weight_1,10,13,-0.5488422329375711
weight_1,10,14,0.4005785434705855
weight_1,10,15,0.3101358134653161
weight_1,10,16,-0.3651699893649828
weight_1,10,17,0.14044108839192262
weight_1,10,18,0.01381844428731391
weight_1,10,19,0.11206131083215999
weight_1,10,20,0.1335208632003728
weight_1,10,21,-0.6963746223153212
weight_1,10,22,0.2307077210832621
weight_1,10,23,0.5099901363301921
weight_1,10,24,-0.2299285304120229
weight_1,10,25,-0.8997037282572323
weight_1,10,26,-0.33433179595540974
weight_1,10,27,0.37684376293580546
weight_1,10,28,-0.7925993056502305
weight_1,10,29,0.2142941345837722
weight_1,10,30,-0.30236576597174725
weight_1,10,31,0.28472314299500784
weight_1,11,0,-0.10642225106243965
weight_1,11,1,0.1365973619211115
weight_1,11,2,0.10004493294373405
weight_1,11,3,0.39725114216640883
weight_1,11,4,-0.040022973543925686
weight_1,11,5,-0.028278699192134157
weight_1,11,6,-0.375735153310581
weight_1,11,7,0.2682736532895021
weight_1,11,8,-0.2556620916845176
weight_1,11,9,-0.1692617883218918
weight_1,11,10,0.08693689053144317
weight_1,11,11,-0.38744637222732475
weight_1,11,12,-0.001455808729641573
weight_1,11,13,0.2831972280620682
weight_1,11,14,-0.035221169973828015
weight_1,11,15,-0.3942670209970874
weight_1,11,16,-0.015046622007388773
weight_1,11,17,0.11165434013561155
weight_1,11,18,-0.5665127685041823
weight_1,11,19,-0.3816998075122599
weight_1,11,20,0.20004155410678806
weight_1,11,21,0.155977591542499
weight_1,11,22,0.08386998961260067
weight_1,11,23,0.3471378407875909
weight_1,11,24,0.19742153157797684
weight_1,11,25,0.29775079230988316
weight_1,11,26,0.7521557086093763
weight_1,11,27,-0.07971542506174624
weight_1,11,28,-0.11499058445642546
weight_1,11,29,0.006725585501217002
weight_1,11,30,0.15602155466963277
weight_1,11,31,-0.1417958442349335
weight_1,12,0,-0.2194028651348139
weight_1,12,1,0.5951111291867187
weight_1,12,2,0.061855784808233054
weight_1,12,3,-0.205657137374572
weight_1,12,4,0.23896727765028267
weight_1,12,5,-0.10662011341764677
weight_1,12,6,-0.07159799334217794
weight_1,12,7,0.1197062385954061
weight_1,12,8,-0.3699462197061526
weight_1,12,9,0.06455805170770083
weight_1,12,10,0.5199470436515342
weight_1,12,11,0.1172062025905812
weight_1,12,12,-0.12993522818217215
weight_1,12,13,-0.09869445036556422
weight_1,12,14,-0.16797531476318778
weight_1,12,15,-0.08285704631963987
weight_1,12,16,-0.08788015040173305
weight_1,12,17,0.18162339081976236
weight_1,12,18,-0.4906829472888457
weight_1,12,19,0.1530271715702809
weight_1,12,20,-0.10491705277174948
weight_1,12,21,0.14557868247070843
weight_1,12,22,-0.2872498876501785
weight_1,12,23,0.27724797507435256
weight_1,12,24,0.36519657491417534
weight_1,12,25,0.3042037670911989
weight_1,12,26,-0.34121540731139505
weight_1,12,27,0.19948397919351443
weight_1,12,28,0.13860260518817757
weight_1,12,29,-0.44871705762084485
weight_1,12,30,0.010360031694700832
weight_1,12,31,0.06756968787400684
weight_1,13,0,0.32215840212807784
weight_1,13,1,0.14525002313036173
weight_1,13,2,-0.029697136042596245
weight_1,13,3,0.24764592561206025
weight_1,13,4,0.32936296298085393
weight_1,13,5,-1.021735685933966
weight_1,13,6,-0.0780053340094508
weight_1,13,7,-0.12874972142159533
weight_1,13,8,-0.5771771034895358
weight_1,13,9,-0.035615309569309014
weight_1,13,10,0.5809432974722353
weight_1,13,11,-0.2117935059929692
weight_1,13,12,-0.05971132944742048
weight_1,13,13,-0.1004099161124376
weight_1,13,14,-0.42561955628058806
weight_1,13,15,0.38226463894703
weight_1,13,16,-0.0703340603217278
weight_1,13,17,-0.07555600391422652
weight_1,13,18,-0.684066825570409
weight_1,13,19,0.1837726968333155
weight_1,13,20,0.11707753640203551
weight_1,13,21,0.21763467936179076
weight_1,13,22,0.12347355697588895
weight_1,13,23,-0.6158065118365359
weight_1,13,24,0.5508892176342142
weight_1,13,25,0.3100806683369432
weight_1,13,26,0.14326104443509852
weight_1,13,27,-0.15505379193826432
weight_1,13,28,0.081858337411875
weight_1,13,29,-0.06853141100954754
weight_1,13,30,0.1786409628230063
weight_1,13,31,0.17719183769629002
weight_1,14,0,-0.11488710678320806
weight_1,14,1,0.06647246041887607
weight_1,14,2,-0.06750403761074972
weight_1,14,3,0.6021007356432818
weight_1,14,4,-0.42340084825751406
weight_1,14,5,0.47867351361007937
weight_1,14,6,0.33410943593316395
weight_1,14,7,-0.17539560147791336
weight_1,14,8,0.6324018351459104
weight_1,14,9,0.2733713774096186
weight_1,14,10,0.09680930815773578
weight_1,14,11,-0.029141359954275046
weight_1,14,12,0.014710021244178783
weight_1,14,13,-0.13364791279854726
weight_1,14,14,0.2335849188134406
weight_1,14,15,0.3451273031915494
weight_1,14,16,0.0018417303635003147
weight_1,14,17,-0.13031944979731508
weight_1,14,18,0.318126896151241
weight_1,14,19,0.37064104469051046
weight_1,14,20,0.17186707974441345
weight_1,14,21,0.031929561322384614
weight_1,14,22,-0.06877424418813748
weight_1,14,23,-0.10873508458354271
weight_1,14,24,-0.36578549670547256
weight_1,14,25,-0.618729187772102
weight_1,14,26,-0.057810709165440406
weight_1,14,27,-0.019812800109522518
weight_1,14,28,-0.23768305867875658
weight_1,14,29,-0.6288830172016147
weight_1,14,30,-0.3816760419319295
weight_1,14,31,0.27684736062687304
weight_1,15,0,-0.35563669662920616
weight_1,15,1,-0.019634540228055233
weight_1,15,2,-0.2746792656567859
weight_1,15,3,0.4324342923461963
weight_1,15,4,-0.08347035128649415
weight_1,15,5,0.316097778426208
weight_1,15,6,0.5387864545459433
weight_1,15,7,0.41668296649558845
weight_1,15,8,0.04984646755342941
weight_1,15,9,-0.11067710275693268
weight_1,15,10,-0.31878025379898955
weight_1,15,11,0.0644848374522401
weight_1,15,12,0.0617481498848223
weight_1,15,13,-0.21615455231806838
weight_1,15,14,0.5641800556077067
weight_1,15,15,-0.0442702583427388
weight_1,15,16,0.4821674663042158
weight_1,15,17,0.16705134173740796
weight_1,15,18,0.6202369417441663
weight_1,15,19,0.30174779498803794
weight_1,15,20,0.2333518124619399
weight_1,15,21,-0.4293724512323805
weight_1,15,22,-0.23128553312116776
weight_1,15,23,0.30523490850255497
weight_1,15,24,0.00632484407312659
weight_1,15,25,-0.3291744146936939
weight_1,15,26,-0.5074481446411298
weight_1,15,27,-0.3389809243103272
weight_1,15,28,-0.5681278906586757
weight_1,15,29,-0.2716079886927748
weight_1,15,30,-0.09532174946599525
weight_1,15,31,0.26185629131330457
bias_1,0,-1,0.013538731245239195
bias_1,1,-1,-0.028153664803029967
bias_1,2,-1,0.03415687154567024
bias_1,3,-1,0.006253802508618199
bias_1,4,-1,-0.11977773199414525
bias_1,5,-1,0.001675325805504095
bias_1,6,-1,0.09225681818267678
bias_1,7,-1,-0.026434390944639907
bias_1,8,-1,-0.006139862109544711
bias_1,9,-1,-0.08171668167989403
bias_1,10,-1,0.19687304269296946
bias_1,11,-1,-0.020834671574774352
bias_1,12,-1,-0.019201064148391626
bias_1,13,-1,-0.01298957932052521
bias_1,14,-1,-0.00767019708479793
bias_1,15,-1,-0.02839843053243552
weight_2,0,0,0.011879812642819251
weight_2,0,1,-0.7981025493379411
weight_2,0,2,-0.17710670815517734
weight_2,0,3,-0.06418130531241525
weight_2,0,4,0.7681851353912801
weight_2,0,5,-0.5485886313932115
weight_2,0,6,-0.2142760248839674
weight_2,0,7,0.593314163718341
weight_2,0,8,0.19142501925752364
weight_2,0,9,0.11981765874786264
weight_2,0,10,-0.07129196434314197
weight_2,0,11,0.13746867049345374
weight_2,0,12,0.27627982040008797
weight_2,0,13,-0.2351670472333358
weight_2,0,14,0.2123531713926772
weight_2,0,15,-0.5834467289895926
weight_2,1,0,0.0003209691209035592
weight_2,1,1,0.04020812976653474
weight_2,1,2,0.2606538101394698
weight_2,1,3,0.06997185354639754
weight_2,1,4,-0.3523791053347921
weight_2,1,5,-0.37276907208104093
weight_2,1,6,0.07232960434712948
weight_2,1,7,-0.4074200279052599
weight_2,1,8,0.06718641482388396
weight_2,1,9,-0.04375247595122102
weight_2,1,10,0.6881395867309947
weight_2,1,11,-0.4554783574596
weight_2,1,12,-0.30212385429484967
weight_2,1,13,-0.49391925192502295
weight_2,1,14,0.735131644102968
weight_2,1,15,0.46782069358985684
weight_2,2,0,0.2887141049948061
weight_2,2,1,0.39160253278396134
weight_2,2,2,-1.4224341543461547
weight_2,2,3,0.01506322920815268
weight_2,2,4,1.1154251966552806
weight_2,2,5,0.22201285321953304
weight_2,2,6,-0.17377782188369031
weight_2,2,7,0.37786975128403877
weight_2,2,8,0.4970951808351476
weight_2,2,9,-1.1281957987869484
weight_2,2,10,-1.193420024167385
weight_2,2,11,0.2997742596492623
weight_2,2,12,0.1152571461389058
weight_2,2,13,1.099688188688486
weight_2,2,14,-0.31436408400588584
weight_2,2,15,-1.076150110859119
weight_2,3,0,-0.6826921209096632
weight_2,3,1,-1.0729182587528276
weight_2,3,2,0.6053679056934285
weight_2,3,3,-0.011033225327016552
weight_2,3,4,-0.4163778418781991
weight_2,3,5,0.3299172455923596
weight_2,3,6,0.6728269346881285
weight_2,3,7,-0.13673410045526802
weight_2,3,8,-0.8725809613278869
weight_2,3,9,0.7080783633390129
weight_2,3,10,0.8120717630213942
weight_2,3,11,-0.014974216125082814
weight_2,3,12,0.125516050790314
weight_2,3,13,-0.8973809005367305
weight_2,3,14,1.041172159905229
weight_2,3,15,0.14188701196918585
weight_2,4,0,0.29637775043334036
weight_2,4,1,-0.5774347321361782
weight_2,4,2,-0.378843213950376
weight_2,4,3,0.5551341416044309
weight_2,4,4,-0.057189591417904466
weight_2,4,5,0.2926682172897426
weight_2,4,6,0.05130356961250673
weight_2,4,7,-0.024461230015756813
weight_2,4,8,0.5212854548844119
weight_2,4,9,-0.11083932107046666
weight_2,4,10,-0.6776511788905195
weight_2,4,11,-0.25017380686106255
weight_2,4,12,0.2150146972310243
weight_2,4,13,0.18807393319851295
weight_2,4,14,-0.5915604422497268
weight_2,4,15,-0.29664640954363336
weight_2,5,0,-0.23809897757550086
weight_2,5,1,-0.14166635330653415
weight_2,5,2,-0.3922028592040914
weight_2,5,3,-0.2007235641808869
weight_2,5,4,-0.29352648718322955
weight_2,5,5,0.24732672815154114
weight_2,5,6,0.3053034272479293
weight_2,5,7,-0.06712431081328536
weight_2,5,8,-0.13562869485158022
weight_2,5,9,0.12236365812639155
weight_2,5,10,-0.2062551276894452
weight_2,5,11,-0.4083132790682294
weight_2,5,12,-0.37253038966020513
weight_2,5,13,-0.291135582242521
weight_2,5,14,-0.3863451327868521
weight_2,5,15,0.11189663964780383
weight_2,6,0,0.46082005975801743
weight_2,6,1,-0.4303528409421101
weight_2,6,2,-0.40873533266103934
weight_2,6,3,-0.06614039702328874
weight_2,6,4,0.3704244441319222
weight_2,6,5,0.08898178049647622
weight_2,6,6,-0.653474549366868
weight_2,6,7,-0.35473331114491785
weight_2,6,8,0.13479093108493023
weight_2,6,9,0.07790375908261851
weight_2,6,10,-1.1614787159459075
weight_2,6,11,0.26519788182783155
weight_2,6,12,0.6341480894207868
weight_2,6,13,0.3263736830463603
weight_2,6,14,0.02679712237522478
weight_2,6,15,-0.520538110182048
weight_2,7,0,0.15368349622055597
weight_2,7,1,-0.4229925818347844
weight_2,7,2,-1.1239102409176394
weight_2,7,3,0.39107240424413836
weight_2,7,4,-0.09926662511142295
weight_2,7,5,-0.05831407249466809
weight_2,7,6,-0.5875353599958666
weight_2,7,7,-0.3981040513222821
weight_2,7,8,0.0841596175599857
weight_2,7,9,-0.4437424438419381
weight_2,7,10,-0.13989208676871007
weight_2,7,11,0.32550687735834016
weight_2,7,12,0.32250912584331576
weight_2,7,13,0.4239300545435962
weight_2,7,14,0.4568109189061644
weight_2,7,15,-0.561059878594513
bias_2,0,-1,-0.05512505452440288
bias_2,1,-1,0.12371225715854862
bias_2,2,-1,0.13161350872821015
bias_2,3,-1,0.0686728077823439
bias_2,4,-1,0.0031496175691254637
bias_2,5,-1,0.0006155298693731887
bias_2,6,-1,0.05423798528466258
bias_2,7,-1,0.11326646502396738
weight_3,0,0,-0.04482987977002627
weight_3,0,1,0.16441512378010367
weight_3,0,2,1.3045544515600414
weight_3,0,3,-1.3745133997069834
weight_3,0,4,0.05447137824441435
weight_3,0,5,0.5911318883632419
weight_3,0,6,0.5388326001625805
weight_3,0,7,0.29503982826227865
weight_3,1,0,-0.0604694322437921
weight_3,1,1,-0.3425337051671475
weight_3,1,2,0.5575050941214698
weight_3,1,3,-0.395468620124438
weight_3,1,4,0.1382008313530026
weight_3,1,5,0.0236636733358536
weight_3,1,6,-0.14048482388139008
weight_3,1,7,0.4144016101094683
weight_3,2,0,1.4235268629816404
weight_3,2,1,-1.2167780756976887
weight_3,2,2,0.601073397945068
weight_3,2,3,-0.9043251683380626
weight_3,2,4,0.41354982358259873
weight_3,2,5,-0.05817620600003423
weight_3,2,6,0.5679090641550655
weight_3,2,7,0.7176489177269361
weight_3,3,0,0.15067863871104986
weight_3,3,1,1.2416631470184407
weight_3,3,2,-2.8189596436360755
weight_3,3,3,1.9505623384387334
weight_3,3,4,-0.33784543739461664
weight_3,3,5,0.6300700883912429
weight_3,3,6,-1.208111001125071
weight_3,3,7,-0.8603940255798035
bias_3,0,-1,-0.2118100573421064
bias_3,1,-1,0.008098965334246266
bias_3,2,-1,-0.2126102796541792
bias_3,3,-1,0.35146193507231605
weight_4,0,0,-1.794777207301349
weight_4,0,1,-0.7350324844455366
weight_4,0,2,-1.6410489888220632
weight_4,0,3,4.455464826452315
weight_4,1,0,-1.2132496234254355
weight_4,1,1,0.7042171093056605
weight_4,1,2,0.04069361274563447
weight_4,1,3,-0.21911531264810225
bias_4,0,-1,-0.29850005636960764
bias_4,1,-1,-0.01750473710809253
weight_5,0,0,2.2445498250220335
weight_5,0,1,0.37598980187340736
weight_5,1,0,-6.1297729104380005
weight_5,1,1,0.7754528777421683
bias_5,0,-1,-1.9155783117327023
bias_5,1,-1,1.9155783117327019
median,0,-1,13.355
median,1,-1,19.03
median,2,-1,86.365
median,3,-1,548.75
median,4,-1,0.09515
median,5,-1,0.090945
median,6,-1,0.05964
median,7,-1,0.0332999999999999
median,8,-1,0.1798
median,9,-1,0.0612599999999999
median,10,-1,0.31915
median,11,-1,1.1095000000000002
median,12,-1,2.305
median,13,-1,24.61
median,14,-1,0.006293
median,15,-1,0.0197999999999999
median,16,-1,0.025875
median,17,-1,0.010865
median,18,-1,0.018695
median,19,-1,0.0031125
median,20,-1,14.975
median,21,-1,25.48
median,22,-1,97.735
median,23,-1,684.55
median,24,-1,0.1311
median,25,-1,0.2118499999999999
median,26,-1,0.2289999999999999
median,27,-1,0.099425
median,28,-1,0.282
median,29,-1,0.080065
mean,0,-1,14.12650251256282
mean,1,-1,19.43824120603016
mean,2,-1,91.90442211055276
mean,3,-1,655.3253768844219
mean,4,-1,0.0958573869346734
mean,5,-1,0.1026475879396986
mean,6,-1,0.0884972002512563
mean,7,-1,0.0485348216080401
mean,8,-1,0.1813635678391959
mean,9,-1,0.0626196733668341
mean,10,-1,0.4067753768844219
mean,11,-1,1.217376884422111
mean,12,-1,2.86762814070352
mean,13,-1,40.296108040201
mean,14,-1,0.0069242386934673
mean,15,-1,0.0251423190954773
mean,16,-1,0.0322679437185929
mean,17,-1,0.0115826281407035
mean,18,-1,0.020421404522613
mean,19,-1,0.0037614379396984
mean,20,-1,16.296592964824132
mean,21,-1,25.920904522613057
mean,22,-1,107.40118090452268
mean,23,-1,883.1175879396988
mean,24,-1,0.1321633417085426
mean,25,-1,0.2524056532663316
mean,26,-1,0.2739162361809044
mean,27,-1,0.1146983693467336
mean,28,-1,0.291130904522613
mean,29,-1,0.0838609547738693
std,0,-1,3.5487316983788904
std,1,-1,4.317010577208396
std,2,-1,24.416965352554616
std,3,-1,353.2388660903805
std,4,-1,0.0143831402630008
std,5,-1,0.0534191594720899
std,6,-1,0.0810656965275839
std,7,-1,0.0392730886553181
std,8,-1,0.0270897513364653
std,9,-1,0.0071219492027165
std,10,-1,0.2782410591225563
std,11,-1,0.5563279609357562
std,12,-1,2.0124866064193183
std,13,-1,43.50739440243843
std,14,-1,0.0028851564810963
std,15,-1,0.0178870283867592
std,16,-1,0.0330502292053813
std,17,-1,0.0062438286450024
std,18,-1,0.0084277234668591
std,19,-1,0.0026898011714254
std,20,-1,4.84642464444897
std,21,-1,6.1069499238812845
std,22,-1,33.66858067972831
std,23,-1,566.1615674828914
std,24,-1,0.0237659547179805
std,25,-1,0.1573107814670668
std,26,-1,0.2106111858037049
std,27,-1,0.0664105067519592
std,28,-1,0.0641103114550243
std,29,-1,0.0182089647586256
