probability_B,probability_M,predicted_class
0.022711578205571153,0.9772884217944289,M
0.9804906787993131,0.019509321200687005,B
0.9803676258861124,0.019632374113887695,B
0.9805115695347935,0.0194884304652066,B
0.9791067394404857,0.02089326055951447,B
0.026537595553197558,0.9734624044468023,M
0.9802014306946314,0.01979856930536859,B
0.022689412563834308,0.9773105874361657,M
0.9808474004586009,0.019152599541399175,B
0.9802732172244406,0.019726782775559424,B
0.97846149873105,0.021538501268950027,B
0.9812636434467483,0.018736356553251628,B
0.04066022039598087,0.9593397796040192,M
0.9803689140514784,0.01963108594852168,B
0.9808836958123399,0.019116304187659958,B
0.9808029186017283,0.019197081398271722,B
0.9805958753489632,0.019404124651036914,B
0.025723315008520646,0.9742766849914793,M
0.9808390309945106,0.019160969005489383,B
0.9808178605250815,0.019182139474918515,B
0.02437194265722241,0.9756280573427776,M
0.022928323332698158,0.9770716766673018,M
0.02273838533958745,0.9772616146604126,M
0.10736003253461196,0.892639967465388,M
0.9761835708526527,0.023816429147347187,B
0.023254892233691475,0.9767451077663085,M
0.02307616943976714,0.9769238305602328,M
0.022747514067438784,0.9772524859325613,M
0.022790854489828663,0.9772091455101712,M
0.03005310002821352,0.9699468999717865,M
0.02273724192742858,0.9772627580725715,M
0.9808646207627252,0.01913537923727494,B
0.9808335507481839,0.01916644925181607,B
0.022976749622366247,0.9770232503776337,M
0.9731250963731606,0.02687490362683951,B
0.024163009321948762,0.9758369906780512,M
0.9807896173175716,0.019210382682428345,B
0.02326955857318277,0.9767304414268173,M
0.9661674307057511,0.03383256929424895,B
0.02416571950212818,0.9758342804978717,M
0.4694833689664483,0.5305166310335516,M
0.980850270371041,0.019149729628959045,B
0.9810185369788981,0.01898146302110196,B
0.9800275527890056,0.01997244721099445,B
0.9468089620784308,0.05319103792156928,B
0.9803595480586915,0.019640451941308458,B
0.9797823220793569,0.02021767792064302,B
0.6761661899835573,0.3238338100164428,B
0.028112285418794916,0.971887714581205,M
0.9803485040178572,0.01965149598214273,B
0.9802730357535672,0.01972696424643292,B
0.756993147939781,0.24300685206021908,B
0.9810517600236629,0.018948239976337045,B
0.022712384412290305,0.9772876155877096,M
0.9810067875300671,0.01899321246993289,B
0.022726080601196286,0.9772739193988037,M
0.04422542061533903,0.9557745793846608,M
0.07108739474927787,0.9289126052507222,M
0.9806997395383564,0.01930026046164347,B
0.9808057036836587,0.019194296316341217,B
0.9810399709343302,0.018960029065669858,B
0.9809150196583768,0.01908498034162326,B
0.02303664964568507,0.9769633503543148,M
0.031570626878976236,0.9684293731210237,M
0.9808886484471053,0.01911135155289453,B
0.9789867358117709,0.021013264188229224,B
0.979723257442743,0.02027674255725698,B
0.9806476015248734,0.019352398475126695,B
0.9793929869489119,0.020607013051088117,B
0.9811402580855393,0.018859741914460604,B
0.022713928313630147,0.9772860716863699,M
0.9792017728454002,0.020798227154599877,B
0.02339771607358788,0.9766022839264121,M
0.9799599424497591,0.020040057550240936,B
0.9802549891308853,0.01974501086911463,B
0.9807152388627332,0.019284761137266793,B
0.9776293158016596,0.022370684198340488,B
0.9800566779135897,0.019943322086410295,B
0.9776928443619931,0.022307155638006816,B
0.023974271132235842,0.9760257288677642,M
0.980344664312353,0.019655335687647008,B
0.9730121239288444,0.02698787607115562,B
0.022851620001812036,0.9771483799981878,M
0.9771470213570738,0.022852978642926163,B
0.9780708830032432,0.021929116996756703,B
0.975795744182286,0.024204255817714106,B
