median,mean,std
13.355,14.12650251256282,3.5487316983788904
19.03,19.438241206030156,4.317010577208396
86.365,91.90442211055276,24.416965352554616
548.75,655.3253768844219,353.23886609038055
0.09515,0.09585738693467344,0.014383140263000846
0.090945,0.10264758793969861,0.05341915947208995
0.05964,0.08849720025125632,0.08106569652758391
0.033299999999999996,0.04853482160804018,0.03927308865531813
0.17980000000000002,0.1813635678391959,0.027089751336465386
0.061259999999999995,0.06261967336683419,0.007121949202716529
0.31915,0.4067753768844219,0.27824105912255637
1.1095000000000002,1.2173768844221107,0.5563279609357562
2.3049999999999997,2.86762814070352,2.0124866064193183
24.61,40.296108040201,43.50739440243843
0.006293,0.006924238693467342,0.0028851564810963657
0.019799999999999998,0.02514231909547739,0.01788702838675924
0.025875000000000002,0.03226794371859296,0.0330502292053813
0.010865,0.011582628140703512,0.006243828645002427
0.018695,0.020421404522613075,0.008427723466859181
0.0031125,0.003761437939698492,0.002689801171425463
14.975000000000001,16.296592964824132,4.84642464444897
25.48,25.920904522613057,6.1069499238812845
97.735,107.40118090452268,33.66858067972831
684.55,883.1175879396988,566.1615674828914
0.1311,0.1321633417085426,0.023765954717980597
0.21184999999999998,0.25240565326633163,0.15731078146706687
0.22899999999999998,0.2739162361809044,0.2106111858037049
0.099425,0.11469836934673368,0.06641050675195928
0.28200000000000003,0.29113090452261303,0.06411031145502438
0.080065,0.08386095477386939,0.0182089647586256
